Timestep,Reward
144,9.0
160,10.0
176,11.0
192,12.0
192,12.0
208,13.0
240,15.0
256,16.0
288,18.0
304,19.0
336,21.0
336,21.0
368,14.0
368,23.0
416,16.0
416,14.0
416,26.0
432,15.0
480,12.0
512,17.0
528,33.0
544,11.0
544,13.0
560,9.0
560,24.0
576,10.0
576,13.0
656,28.0
656,25.0
688,13.0
688,10.0
720,11.0
752,11.0
784,30.0
800,23.0
832,17.0
848,17.0
880,29.0
912,16.0
912,22.0
928,24.0
960,60.0
976,11.0
976,40.0
992,19.0
1008,10.0
1040,16.0
1088,27.0
1120,27.0
1152,20.0
1184,11.0
1232,17.0
1232,30.0
1248,13.0
1264,17.0
1280,19.0
1296,36.0
1296,26.0
1312,50.0
1360,17.0
1424,32.0
1456,19.0
1488,12.0
1488,32.0
1488,14.0
1520,25.0
1536,11.0
1536,19.0
1568,40.0
1584,42.0
1616,20.0
1616,19.0
1616,21.0
1648,25.0
1648,14.0
1664,11.0
1696,32.0
1760,15.0
1760,11.0
1792,19.0
1808,17.0
1840,17.0
1872,21.0
1872,11.0
1888,41.0
1904,16.0
1904,18.0
1920,29.0
1936,20.0
1936,28.0
1936,20.0
1984,12.0
1984,14.0
2000,21.0
2016,13.0
2048,13.0
2096,12.0
2096,28.0
2096,14.0
2112,22.0
2128,14.0
2176,15.0
2224,18.0
2272,11.0
2288,22.0
2320,27.0
2352,16.0
2368,17.0
2368,31.0
2384,25.0
2400,14.0
2416,25.0
2448,20.0
2512,32.0
2528,13.0
2528,34.0
2544,11.0
2560,17.0
2624,17.0
2624,13.0
2624,36.0
2640,15.0
2640,23.0
2672,19.0
2752,14.0
2752,33.0
2768,20.0
2784,25.0
2816,19.0
2848,58.0
2848,19.0
2880,48.0
2896,16.0
2912,9.0
2912,10.0
2928,16.0
3008,16.0
3040,26.0
3040,10.0
3088,15.0
3104,29.0
3120,17.0
3120,13.0
3168,15.0
3232,20.0
3264,30.0
3328,15.0
3344,21.0
3360,20.0
3440,51.0
3456,21.0
3472,19.0
3488,28.0
3488,14.0
3504,25.0
3536,11.0
3568,42.0
3584,60.0
3600,65.0
3632,32.0
3664,10.0
3680,72.0
3696,23.0
3712,16.0
3728,57.0
3744,11.0
3792,28.0
3792,19.0
3792,20.0
3808,17.0
3808,13.0
3824,24.0
3824,12.0
3856,23.0
3856,11.0
3904,15.0
3936,44.0
3952,14.0
4016,14.0
4048,15.0
4064,15.0
4080,14.0
4096,32.0
4176,8.0
4176,20.0
4224,27.0
4272,30.0
4272,29.0
4288,37.0
4320,19.0
4368,39.0
4384,18.0
4384,35.0
4384,10.0
4384,28.0
4384,27.0
4464,35.0
4496,20.0
4496,11.0
4528,29.0
4560,30.0
4576,12.0
4592,14.0
4640,16.0
4640,23.0
4672,24.0
4672,11.0
4688,32.0
4704,20.0
4736,22.0
4768,13.0
4784,25.0
4800,33.0
4800,19.0
4864,11.0
4880,15.0
4928,22.0
4944,15.0
4960,20.0
4976,11.0
5008,81.0
5056,37.0
5056,24.0
5104,23.0
5104,19.0
5152,30.0
5152,23.0
5168,12.0
5184,15.0
5216,28.0
5232,17.0
5264,24.0
5296,23.0
5328,17.0
5344,21.0
5360,52.0
5360,11.0
5392,18.0
5408,34.0
5424,13.0
5440,17.0
5472,26.0
5472,15.0
5504,15.0
5520,23.0
5520,11.0
5552,16.0
5568,10.0
5584,14.0
5632,65.0
5664,32.0
5680,10.0
5680,22.0
5696,14.0
5712,15.0
5728,13.0
5728,11.0
5744,20.0
5744,15.0
5792,27.0
5904,12.0
5936,13.0
5968,18.0
5968,36.0
5968,14.0
6000,56.0
6016,21.0
6016,18.0
6032,21.0
6048,19.0
6064,31.0
6096,10.0
6112,42.0
6112,33.0
6192,14.0
6208,19.0
6208,15.0
6224,13.0
6256,9.0
6256,37.0
6320,33.0
6336,14.0
6384,21.0
6384,20.0
6416,10.0
6496,29.0
6528,21.0
6528,20.0
6544,14.0
6592,37.0
6608,37.0
6624,18.0
6656,64.0
6656,10.0
6672,18.0
6688,45.0
6688,17.0
6704,20.0
6704,28.0
6736,40.0
6784,15.0
6816,13.0
6816,18.0
6848,20.0
6864,41.0
6880,12.0
6880,14.0
6928,16.0
6944,13.0
6976,18.0
6992,18.0
7008,12.0
7040,28.0
7056,17.0
7072,13.0
7136,18.0
7232,38.0
7248,19.0
7248,15.0
7296,23.0
7312,21.0
7312,17.0
7312,68.0
7344,17.0
7344,29.0
7408,37.0
7424,11.0
7440,19.0
7456,25.0
7488,12.0
7520,40.0
7536,12.0
7552,15.0
7568,14.0
7584,11.0
7584,37.0
7616,12.0
7616,60.0
7664,14.0
7696,11.0
7744,11.0
7744,16.0
7776,14.0
7792,11.0
7808,31.0
7808,22.0
7888,12.0
7888,74.0
7904,41.0
7920,11.0
7968,10.0
7984,13.0
8032,31.0
8048,29.0
8064,30.0
8064,16.0
8144,25.0
8144,16.0
8160,11.0
8160,53.0
8176,18.0
8176,32.0
8240,13.0
8272,41.0
8304,16.0
8304,32.0
8320,11.0
8352,70.0
8352,12.0
8368,12.0
8384,20.0
8400,31.0
8416,16.0
8432,23.0
8464,20.0
8480,35.0
8512,17.0
8544,23.0
8608,19.0
8656,18.0
8672,15.0
8672,20.0
8672,16.0
8704,24.0
8704,19.0
8704,25.0
8704,12.0
8720,28.0
8768,50.0
8768,10.0
8784,27.0
8816,21.0
8848,29.0
8848,24.0
8864,13.0
8880,11.0
8912,12.0
8912,13.0
8928,24.0
8960,16.0
8976,19.0
9040,23.0
9056,17.0
9056,15.0
9072,13.0
9072,10.0
9120,12.0
9136,16.0
9136,14.0
9152,28.0
9168,31.0
9200,10.0
9264,13.0
9296,28.0
9296,11.0
9312,34.0
9344,13.0
9360,32.0
9408,16.0
9440,29.0
9456,18.0
9456,20.0
9456,43.0
9488,12.0
9504,34.0
9536,11.0
9584,18.0
9600,21.0
9616,10.0
9616,34.0
9664,38.0
9696,15.0
9712,19.0
9760,16.0
9760,26.0
9760,14.0
9792,19.0
9840,24.0
9872,17.0
9872,16.0
9888,8.0
9920,19.0
9952,23.0
9952,32.0
9984,20.0
10000,18.0
10016,51.0
10032,10.0
10048,11.0
10080,48.0
10128,11.0
10144,12.0
10208,28.0
10208,26.0
10224,33.0
10224,72.0
10240,13.0
10272,18.0
10272,32.0
10288,28.0
10304,10.0
10304,18.0
10368,30.0
10384,21.0
10448,14.0
10448,28.0
10448,23.0
10496,17.0
10528,14.0
10528,38.0
10592,18.0
10608,10.0
10640,23.0
10688,25.0
10688,15.0
10752,32.0
10768,25.0
10768,11.0
10800,37.0
10800,17.0
10816,43.0
10896,25.0
10912,17.0
10912,9.0
10912,14.0
10944,21.0
10960,17.0
11008,30.0
11040,15.0
11104,12.0
11104,19.0
11152,59.0
11152,15.0
11168,16.0
11184,18.0
11216,17.0
11264,28.0
11264,32.0
11280,11.0
11280,63.0
11312,34.0
11328,20.0
11360,11.0
11392,22.0
11392,15.0
11408,28.0
11456,12.0
11488,14.0
11504,14.0
11552,15.0
11552,21.0
11568,29.0
11568,15.0
11632,74.0
11648,16.0
11680,81.0
11696,21.0
11744,12.0
11760,30.0
11760,12.0
11808,40.0
11808,26.0
11840,17.0
11856,28.0
11856,22.0
11856,10.0
11888,16.0
11904,47.0
11936,16.0
11984,14.0
12016,35.0
12048,15.0
12112,14.0
12128,17.0
12128,20.0
12144,10.0
12160,9.0
12176,26.0
12192,16.0
12208,29.0
12240,25.0
12256,48.0
12256,25.0
12304,16.0
12304,41.0
12336,13.0
12368,15.0
12384,15.0
12384,33.0
12400,31.0
12400,53.0
12464,18.0
12464,22.0
12512,13.0
12528,20.0
12544,22.0
12560,19.0
12576,15.0
12624,14.0
12640,25.0
12656,25.0
12656,31.0
12672,17.0
12672,18.0
12672,13.0
12720,9.0
12720,21.0
12720,26.0
12736,14.0
12752,13.0
12800,15.0
12832,12.0
12848,11.0
12896,10.0
12896,17.0
12928,17.0
12944,12.0
12944,17.0
12976,38.0
12992,17.0
12992,21.0
12992,17.0
13008,34.0
13104,24.0
13136,9.0
13136,19.0
13152,13.0
13168,23.0
13184,18.0
13184,41.0
13200,16.0
13296,23.0
13360,13.0
13376,24.0
13392,24.0
13408,15.0
13408,14.0
13440,48.0
13456,17.0
13536,27.0
13568,11.0
13584,46.0
13600,39.0
13600,14.0
13616,13.0
13664,23.0
13664,33.0
13680,15.0
13712,22.0
13776,15.0
13776,20.0
13824,14.0
13824,16.0
13824,39.0
13840,59.0
13872,29.0
13888,13.0
13888,56.0
13952,23.0
13952,15.0
13984,10.0
13984,20.0
14032,56.0
14032,12.0
14048,10.0
14080,13.0
14096,17.0
14112,21.0
14128,19.0
14144,10.0
14176,25.0
14192,10.0
14208,20.0
14208,16.0
14224,9.0
14256,40.0
14336,18.0
14352,25.0
14368,17.0
14368,21.0
14400,14.0
14416,17.0
14432,15.0
14448,20.0
14448,29.0
14464,13.0
14480,16.0
14544,21.0
14576,11.0
14576,14.0
14608,59.0
14656,18.0
14688,22.0
14704,37.0
14704,17.0
14720,19.0
14736,10.0
14736,12.0
14768,20.0
14784,13.0
14800,20.0
14864,31.0
14864,79.0
14928,17.0
14944,15.0
14944,30.0
14976,15.0
15056,28.0
15056,38.0
15072,19.0
15088,24.0
15120,27.0
15152,22.0
15168,19.0
15200,17.0
15216,15.0
15232,9.0
15232,18.0
15280,31.0
15296,11.0
15312,16.0
15312,28.0
15312,23.0
15376,14.0
15392,41.0
15440,14.0
15456,18.0
15504,49.0
15552,17.0
15552,15.0
15552,16.0
15568,16.0
15568,16.0
15568,85.0
15584,13.0
15584,22.0
15648,12.0
15664,27.0
15680,38.0
15696,16.0
15744,34.0
15744,12.0
15744,15.0
15776,13.0
15808,47.0
15808,14.0
15824,9.0
15824,17.0
15888,14.0
15936,23.0
15936,15.0
15952,19.0
15952,8.0
15968,12.0
15984,11.0
16032,40.0
16048,19.0
16064,30.0
16128,20.0
16144,37.0
16144,13.0
16144,13.0
16160,17.0
16160,12.0
16160,13.0
16176,27.0
16224,25.0
16224,17.0
16304,16.0
16320,18.0
16336,11.0
16336,11.0
16368,14.0
16384,25.0
16384,14.0
16416,15.0
16448,55.0
16544,13.0
16592,16.0
16608,29.0
16624,25.0
16624,25.0
16624,30.0
16672,16.0
16688,24.0
16688,23.0
16704,36.0
16704,20.0
16784,10.0
16784,21.0
16800,16.0
16816,28.0
16832,68.0
16848,49.0
16880,17.0
16880,18.0
16928,16.0
16928,19.0
16928,14.0
16944,16.0
16992,19.0
17056,17.0
17072,16.0
17104,11.0
17120,12.0
17136,12.0
17136,47.0
17136,19.0
17168,18.0
17168,15.0
17168,20.0
17232,33.0
17248,28.0
17312,16.0
17328,10.0
17328,12.0
17360,12.0
17360,30.0
17360,46.0
17376,37.0
17408,26.0
17408,21.0
17440,21.0
17472,9.0
17488,23.0
17504,16.0
17504,23.0
17552,12.0
17568,13.0
17568,15.0
17680,17.0
17680,32.0
17696,35.0
17712,19.0
17744,15.0
17776,26.0
17776,21.0
17840,18.0
17840,38.0
17840,17.0
17856,34.0
17904,12.0
17920,22.0
17952,13.0
18016,40.0
18032,35.0
18032,11.0
18032,16.0
18064,35.0
18144,19.0
18160,15.0
18160,30.0
18160,20.0
18208,11.0
18272,27.0
18288,17.0
18304,33.0
18320,10.0
18400,12.0
18432,10.0
18448,34.0
18464,48.0
18480,12.0
18496,51.0
18512,64.0
18656,11.0
18656,22.0
18688,18.0
18704,42.0
18752,37.0
18768,19.0
18784,17.0
18784,39.0
18832,43.0
18848,12.0
18864,50.0
18896,25.0
18912,16.0
18912,55.0
18944,62.0
18944,16.0
18960,40.0
19008,10.0
19024,17.0
19024,20.0
19104,12.0
19104,10.0
19120,21.0
19120,11.0
19136,15.0
19232,13.0
19248,15.0
19264,25.0
19280,16.0
19312,25.0
19312,54.0
19344,15.0
19376,17.0
19424,40.0
19440,20.0
19488,16.0
19488,66.0
19536,36.0
19568,16.0
19568,50.0
19584,17.0
19600,20.0
19648,24.0
19680,19.0
19680,21.0
19712,17.0
19728,30.0
19728,15.0
19744,20.0
19776,13.0
19792,13.0
19792,42.0
19856,18.0
19872,46.0
19888,13.0
19920,17.0
19968,23.0
20000,17.0
20048,16.0
20064,13.0
20096,38.0
20144,26.0
20144,14.0
20224,28.0
20240,31.0
20256,16.0
20272,11.0
20320,40.0
20336,23.0
20336,29.0
20336,12.0
20352,29.0
20368,9.0
20416,44.0
20416,11.0
20432,18.0
20448,101.0
20464,58.0
20464,12.0
20480,27.0
20528,29.0
20544,47.0
20544,11.0
20640,24.0
20672,12.0
20672,21.0
20688,16.0
20704,11.0
20704,16.0
20720,19.0
20752,27.0
20752,18.0
20768,14.0
20768,27.0
20784,28.0
20832,30.0
20832,18.0
20864,9.0
20912,15.0
20912,15.0
20976,14.0
20992,10.0
21024,21.0
21056,22.0
21056,18.0
21072,15.0
21104,29.0
21136,14.0
21152,28.0
21168,24.0
21184,20.0
21216,50.0
21232,29.0
21264,13.0
21296,34.0
21312,15.0
21328,14.0
21360,28.0
21360,23.0
21392,21.0
21408,27.0
21408,15.0
21408,59.0
21424,18.0
21440,16.0
21440,11.0
21472,20.0
21504,13.0
21552,21.0
21568,13.0
21584,16.0
21616,37.0
21648,9.0
21648,16.0
21680,15.0
21696,18.0
21712,17.0
21728,20.0
21728,31.0
21776,19.0
21856,19.0
21904,16.0
21904,31.0
21904,14.0
21936,18.0
21984,17.0
22000,14.0
22016,10.0
22048,43.0
22064,23.0
22096,33.0
22096,12.0
22112,11.0
22160,36.0
22208,49.0
22240,16.0
22256,10.0
22256,33.0
22272,23.0
22288,35.0
22304,18.0
22304,43.0
22384,17.0
22384,21.0
22416,22.0
22416,69.0
22432,21.0
22448,28.0
22448,15.0
22496,12.0
22528,18.0
22592,18.0
22592,21.0
22592,11.0
22608,11.0
22624,22.0
22624,13.0
22672,18.0
22672,26.0
22720,51.0
22752,16.0
22752,23.0
22800,12.0
22800,22.0
22816,14.0
22816,41.0
22832,13.0
22832,34.0
22848,16.0
22864,17.0
22880,27.0
22912,18.0
22944,14.0
22992,20.0
23040,13.0
23056,11.0
23056,19.0
23072,15.0
23104,12.0
23136,18.0
23152,22.0
23168,19.0
23184,24.0
23264,20.0
23264,12.0
23280,14.0
23312,40.0
23312,16.0
23312,20.0
23328,36.0
23360,34.0
23360,52.0
23392,16.0
23408,37.0
23440,21.0
23440,11.0
23488,21.0
23552,32.0
23616,19.0
23616,11.0
23632,19.0
23632,17.0
23632,20.0
23712,25.0
23744,24.0
23744,21.0
23776,37.0
23776,32.0
23792,25.0
23824,13.0
23888,45.0
23888,17.0
23904,39.0
23968,26.0
23968,14.0
23984,17.0
23984,31.0
24016,15.0
24048,38.0
24096,19.0
24112,30.0
24176,13.0
24208,29.0
24240,16.0
24256,10.0
24256,18.0
24288,29.0
24288,25.0
24320,21.0
24352,28.0
24352,36.0
24352,15.0
24400,48.0
24416,13.0
24432,26.0
24480,53.0
24480,15.0
24480,19.0
24512,10.0
24528,40.0
24544,16.0
24576,20.0
24576,33.0
24592,11.0
24656,19.0
24736,16.0
24800,14.0
24816,31.0
24848,16.0
24848,23.0
24848,23.0
24864,21.0
24864,18.0
24928,12.0
24960,28.0
24960,10.0
24976,34.0
25104,51.0
25120,17.0
25136,37.0
25152,31.0
25200,21.0
25232,17.0
25232,52.0
25280,19.0
25296,28.0
25456,37.0
25456,31.0
25472,11.0
25472,41.0
25488,23.0
25536,80.0
25568,18.0
25584,24.0
25600,28.0
25680,9.0
25744,18.0
25744,56.0
25776,34.0
25776,18.0
25792,90.0
25808,36.0
25920,49.0
26000,34.0
26064,37.0
26112,33.0
26128,20.0
26144,25.0
26224,28.0
26240,82.0
26288,10.0
26320,33.0
26352,49.0
26400,50.0
26400,21.0
26400,10.0
26400,16.0
26416,40.0
26480,10.0
26512,88.0
26528,66.0
26544,39.0
26560,13.0
26608,54.0
26640,14.0
26672,24.0
26704,11.0
26720,65.0
26736,21.0
26800,16.0
26816,26.0
26848,15.0
26912,13.0
26960,60.0
26976,16.0
26992,32.0
27056,59.0
27072,42.0
27088,18.0
27168,31.0
27200,50.0
27216,44.0
27232,15.0
27248,12.0
27296,41.0
27312,22.0
27344,17.0
27376,35.0
27392,52.0
27408,13.0
27424,36.0
27520,38.0
27568,9.0
27568,10.0
27568,22.0
27584,53.0
27584,21.0
27584,85.0
27600,23.0
27600,27.0
27616,17.0
27648,22.0
27680,37.0
27696,19.0
27744,11.0
27760,24.0
27792,13.0
27792,14.0
27840,33.0
27856,13.0
27888,13.0
27952,16.0
27968,11.0
27984,23.0
28000,10.0
28000,30.0
28000,25.0
28128,34.0
28144,9.0
28160,74.0
28176,24.0
28240,31.0
28272,32.0
28288,18.0
28304,44.0
28320,11.0
28352,14.0
28416,11.0
28432,54.0
28432,16.0
28432,53.0
28448,31.0
28480,37.0
28496,12.0
28528,13.0
28560,18.0
28592,46.0
28608,39.0
28688,16.0
28704,17.0
28704,46.0
28720,27.0
28752,16.0
28752,47.0
28816,24.0
28848,23.0
28848,43.0
28864,11.0
28896,21.0
28912,12.0
28944,15.0
28960,13.0
28960,34.0
28960,38.0
29008,19.0
29024,17.0
29088,17.0
29104,13.0
29136,11.0
29152,44.0
29184,20.0
29200,22.0
29248,18.0
29280,42.0
29344,31.0
29376,27.0
29424,32.0
29440,18.0
29440,30.0
29456,23.0
29472,28.0
29536,18.0
29552,11.0
29584,15.0
29616,30.0
29632,22.0
29632,11.0
29664,35.0
29664,29.0
29680,15.0
29680,42.0
29744,20.0
29792,11.0
29856,14.0
29904,15.0
29920,15.0
29936,84.0
29936,24.0
29952,17.0
29952,48.0
29952,89.0
30000,21.0
30000,23.0
30080,40.0
30096,39.0
30096,19.0
30112,36.0
30128,24.0
30128,11.0
30160,36.0
30176,11.0
30208,16.0
30224,19.0
30240,19.0
30304,25.0
30400,12.0
30400,34.0
30400,20.0
30448,21.0
30464,21.0
30480,30.0
30480,24.0
30528,14.0
30560,10.0
30592,26.0
30608,30.0
30624,42.0
30656,31.0
30656,13.0
30688,47.0
30784,11.0
30784,20.0
30800,35.0
30848,16.0
30864,11.0
30912,22.0
30960,35.0
31024,50.0
31024,15.0
31040,16.0
31104,39.0
31136,41.0
31136,17.0
31168,67.0
31168,48.0
31184,35.0
31200,25.0
31232,17.0
31232,13.0
31312,17.0
31360,11.0
31376,33.0
31376,22.0
31408,15.0
31424,56.0
31488,18.0
31504,53.0
31504,37.0
31520,18.0
31520,9.0
31536,55.0
31568,13.0
31648,14.0
31664,16.0
31680,36.0
31696,33.0
31744,11.0
31760,17.0
31824,19.0
31840,12.0
31840,10.0
31920,43.0
31968,29.0
31984,28.0
32032,33.0
32096,45.0
32112,61.0
32144,52.0
32144,30.0
32160,40.0
32160,26.0
32176,12.0
32240,34.0
32240,69.0
32272,15.0
32304,24.0
32320,13.0
32336,12.0
32352,24.0
32384,34.0
32448,43.0
32480,40.0
32512,12.0
32544,17.0
32560,14.0
32560,24.0
32576,12.0
32640,51.0
32672,23.0
32672,32.0
32688,28.0
32704,16.0
32720,23.0
32736,40.0
32880,21.0
32928,43.0
32928,48.0
32960,16.0
33024,22.0
33056,21.0
33200,32.0
33232,37.0
33264,21.0
33264,24.0
33328,47.0
33328,51.0
33376,77.0
33392,23.0
33472,57.0
33568,15.0
33584,41.0
33600,23.0
33616,55.0
33632,36.0
33648,73.0
33680,70.0
33728,33.0
33744,22.0
33808,13.0
33840,14.0
33840,16.0
33872,75.0
33872,9.0
33872,34.0
33888,26.0
33904,40.0
33952,62.0
34064,27.0
34064,14.0
34096,52.0
34096,26.0
34192,15.0
34256,55.0
34304,26.0
34320,42.0
34368,29.0
34384,32.0
34400,9.0
34416,42.0
34416,22.0
34464,25.0
34464,37.0
34496,25.0
34544,44.0
34624,33.0
34640,52.0
34656,49.0
34672,22.0
34672,69.0
34672,23.0
34688,18.0
34720,19.0
34768,17.0
34768,22.0
34864,20.0
34896,27.0
34912,34.0
34912,28.0
34928,17.0
34960,12.0
34960,18.0
34976,49.0
35056,21.0
35072,13.0
35072,43.0
35120,28.0
35152,15.0
35392,48.0
35424,46.0
35424,29.0
35456,31.0
35504,46.0
35504,27.0
35536,26.0
35536,35.0
35632,45.0
35632,60.0
35648,14.0
35680,11.0
35680,33.0
35696,48.0
35760,21.0
35872,51.0
35872,50.0
35920,80.0
36000,38.0
36000,29.0
36000,69.0
36064,27.0
36064,35.0
36096,35.0
36128,30.0
36192,32.0
36224,33.0
36304,53.0
36320,43.0
36512,26.0
36528,25.0
36560,43.0
36560,43.0
36592,33.0
36608,24.0
36656,21.0
36656,56.0
36704,49.0
36736,13.0
36768,11.0
36800,50.0
36816,51.0
36864,19.0
36880,43.0
36896,37.0
36896,15.0
36928,26.0
36992,11.0
36992,58.0
37056,10.0
37072,23.0
37088,20.0
37136,33.0
37200,95.0
37216,21.0
37232,42.0
37296,27.0
37312,41.0
37392,41.0
37408,13.0
37424,89.0
37440,23.0
37456,33.0
37488,37.0
37520,18.0
37536,46.0
37536,34.0
37552,10.0
37584,28.0
37616,35.0
37664,36.0
37696,30.0
37728,19.0
37760,11.0
37776,16.0
37808,25.0
37888,21.0
37936,15.0
37952,29.0
37952,41.0
37952,21.0
37968,41.0
38064,21.0
38096,69.0
38096,27.0
38128,23.0
38192,41.0
38224,17.0
38240,50.0
38240,29.0
38256,19.0
38256,28.0
38288,25.0
38320,14.0
38384,27.0
38400,59.0
38432,56.0
38464,14.0
38496,15.0
38496,19.0
38528,37.0
38576,21.0
38608,30.0
38688,16.0
38736,21.0
38752,31.0
38864,30.0
38880,17.0
38896,36.0
38912,26.0
38976,28.0
38992,64.0
39008,49.0
39024,28.0
39040,22.0
39056,48.0
39056,20.0
39136,65.0
39152,17.0
39264,75.0
39344,20.0
39344,23.0
39392,24.0
39424,32.0
39440,24.0
39504,28.0
39504,65.0
39520,30.0
39520,41.0
39536,25.0
39584,43.0
39712,60.0
39744,78.0
39744,20.0
39760,26.0
39856,32.0
39904,40.0
39952,28.0
39968,36.0
39968,61.0
40016,27.0
40032,33.0
40064,39.0
40192,42.0
40240,44.0
40272,33.0
40304,18.0
40336,9.0
40416,35.0
40416,29.0
40464,44.0
40480,28.0
40496,27.0
40512,34.0
40528,39.0
40560,53.0
40576,52.0
40624,41.0
40656,71.0
40672,27.0
40688,14.0
40736,29.0
40752,28.0
40784,18.0
40832,31.0
40864,107.0
40880,20.0
40912,11.0
40944,12.0
40976,28.0
40992,30.0
40992,26.0
40992,36.0
41104,39.0
41184,33.0
41200,23.0
41264,20.0
41280,25.0
41280,26.0
41296,19.0
41344,58.0
41408,19.0
41504,55.0
41504,45.0
41536,21.0
41536,34.0
41552,54.0
41616,44.0
41616,39.0
41648,42.0
41744,28.0
41760,30.0
41776,27.0
41824,11.0
41840,41.0
41856,74.0
41856,20.0
41872,37.0
42016,25.0
42112,38.0
42112,31.0
42208,22.0
42208,27.0
42256,53.0
42320,36.0
42336,49.0
42368,33.0
42400,56.0
42416,34.0
42432,42.0
42448,57.0
42464,75.0
42480,39.0
42560,28.0
42640,51.0
42736,45.0
42784,21.0
42800,34.0
42800,29.0
42816,38.0
42928,51.0
42976,10.0
43072,41.0
43104,44.0
43168,53.0
43200,45.0
43232,31.0
43296,31.0
43312,69.0
43344,55.0
43392,64.0
43440,50.0
43488,66.0
43520,37.0
43520,45.0
43552,13.0
43616,32.0
43632,41.0
43664,69.0
43696,57.0
43712,32.0
43856,34.0
43904,12.0
43904,26.0
43936,31.0
43936,34.0
44080,63.0
44144,53.0
44224,62.0
44288,48.0
44304,42.0
44320,39.0
44352,74.0
44368,18.0
44384,48.0
44400,53.0
44448,10.0
44512,62.0
44528,42.0
44592,41.0
44656,47.0
44704,30.0
44768,24.0
44784,55.0
44832,27.0
44832,43.0
44848,21.0
44880,76.0
44960,38.0
44976,41.0
45040,13.0
45120,29.0
45280,61.0
45328,55.0
45376,49.0
45408,35.0
45424,56.0
45472,40.0
45536,48.0
45584,55.0
45648,107.0
45680,35.0
45680,50.0
45712,27.0
45776,62.0
45808,27.0
45824,31.0
45904,58.0
45920,55.0
45920,97.0
45952,30.0
46016,38.0
46048,39.0
46096,18.0
46096,26.0
46160,75.0
46240,12.0
46272,43.0
46368,13.0
46384,29.0
46416,29.0
46496,37.0
46496,51.0
46528,44.0
46560,64.0
46576,58.0
46576,54.0
46608,23.0
46752,46.0
46768,13.0
46848,47.0
46896,50.0
46896,25.0
46896,18.0
46928,34.0
46928,72.0
47008,32.0
47008,46.0
47072,19.0
47088,73.0
47136,48.0
47216,50.0
47296,34.0
47296,25.0
47312,26.0
47328,30.0
47360,49.0
47376,15.0
47376,28.0
47408,21.0
47424,31.0
47456,58.0
47472,56.0
47488,37.0
47488,30.0
47504,31.0
47520,14.0
47536,28.0
47760,16.0
47824,38.0
47824,29.0
47936,35.0
47936,25.0
47952,29.0
47984,31.0
48000,36.0
48064,38.0
48080,35.0
48096,39.0
48192,49.0
48192,56.0
48256,27.0
48256,16.0
48272,59.0
48288,21.0
48336,25.0
48352,37.0
48480,73.0
48480,31.0
48528,28.0
48544,73.0
48560,31.0
48576,47.0
48592,20.0
48752,51.0
48800,13.0
48832,34.0
48928,11.0
48928,52.0
49008,42.0
49088,46.0
49184,58.0
49216,26.0
49232,61.0
49248,45.0
49248,20.0
49264,67.0
49408,54.0
49424,77.0
49488,63.0
49488,63.0
49600,42.0
49616,33.0
49680,31.0
49712,44.0
49712,55.0
49712,19.0
49808,37.0
49936,86.0
49936,14.0
50016,48.0
50080,29.0
50080,37.0
50112,32.0
50128,44.0
50160,42.0
50160,57.0
50160,58.0
50224,32.0
50240,104.0
50528,37.0
50544,52.0
50544,54.0
50560,27.0
50592,49.0
50704,34.0
50736,36.0
50752,37.0
50768,94.0
50832,51.0
50848,57.0
50944,54.0
50992,28.0
51056,20.0
51088,53.0
51168,66.0
51216,17.0
51296,29.0
51312,49.0
51392,25.0
51408,51.0
51440,42.0
51440,85.0
51504,47.0
51600,56.0
51600,66.0
51616,33.0
51664,16.0
51728,94.0
51808,32.0
51824,61.0
51920,33.0
51920,85.0
52000,35.0
52144,61.0
52176,32.0
52192,37.0
52224,25.0
52256,21.0
52256,47.0
52304,62.0
52368,40.0
52400,49.0
52448,19.0
52464,41.0
52496,36.0
52544,69.0
52624,25.0
52656,100.0
52752,36.0
52896,31.0
52944,25.0
52976,86.0
53024,36.0
53232,46.0
53296,69.0
53296,65.0
53344,45.0
53360,56.0
53360,134.0
53424,70.0
53440,34.0
53440,49.0
53456,68.0
53488,32.0
53520,31.0
53520,36.0
53696,90.0
53760,19.0
53888,71.0
53888,37.0
53904,26.0
53936,44.0
53952,27.0
53952,38.0
53968,123.0
54064,48.0
54240,51.0
54288,33.0
54368,58.0
54368,42.0
54400,32.0
54416,56.0
54592,77.0
54656,45.0
54752,49.0
54784,52.0
54848,56.0
54864,94.0
54880,51.0
54992,36.0
54992,44.0
54992,69.0
55040,100.0
55040,50.0
55072,73.0
55072,26.0
55200,52.0
55344,61.0
55376,24.0
55376,11.0
55440,43.0
55696,39.0
55696,52.0
55744,84.0
55792,45.0
55792,57.0
55808,76.0
55856,67.0
55872,55.0
55936,35.0
55968,39.0
56032,37.0
56144,69.0
56192,51.0
56192,31.0
56208,76.0
56256,32.0
56288,90.0
56288,78.0
56368,35.0
56432,15.0
56448,32.0
56624,48.0
56624,26.0
56720,36.0
56736,28.0
56832,71.0
56864,56.0
56912,39.0
56944,67.0
56976,15.0
57024,25.0
57088,29.0
57104,46.0
57120,68.0
57136,43.0
57360,28.0
57360,33.0
57456,37.0
57504,23.0
57552,70.0
57568,29.0
57584,29.0
57744,64.0
57904,132.0
57984,112.0
57984,65.0
58080,45.0
58272,78.0
58320,60.0
58384,58.0
58432,84.0
58480,139.0
58496,57.0
58528,60.0
58624,40.0
58672,180.0
58720,51.0
58928,59.0
59008,39.0
59104,97.0
59152,103.0
59152,52.0
59152,39.0
59280,96.0
59280,35.0
59344,45.0
59344,79.0
59392,57.0
59408,46.0
59424,62.0
59632,166.0
59664,46.0
59984,52.0
60048,40.0
60112,52.0
60128,116.0
60144,62.0
60176,56.0
60224,50.0
60240,68.0
60304,113.0
60320,76.0
60416,67.0
60496,72.0
60640,102.0
60656,32.0
60720,31.0
60752,70.0
60752,28.0
60768,69.0
60928,59.0
60992,51.0
61296,73.0
61312,67.0
61328,25.0
61344,37.0
61360,65.0
61360,123.0
61408,57.0
61408,43.0
61440,83.0
61472,51.0
61584,59.0
61600,19.0
61648,56.0
61728,105.0
61920,35.0
61936,39.0
61952,60.0
62016,100.0
62032,28.0
62064,81.0
62096,48.0
62240,50.0
62320,37.0
62320,57.0
62528,74.0
62544,71.0
62544,67.0
62640,25.0
62672,64.0
62752,72.0
62832,50.0
62832,51.0
62864,20.0
62960,100.0
63072,63.0
63088,48.0
63088,73.0
63312,28.0
63344,17.0
63360,43.0
63392,40.0
63440,70.0
63472,59.0
63664,98.0
63760,76.0
63760,70.0
63840,47.0
63856,120.0
63984,40.0
64016,66.0
64144,82.0
64144,52.0
64272,74.0
64288,33.0
64304,92.0
64368,38.0
64368,63.0
64432,26.0
64544,55.0
64592,72.0
64672,51.0
64736,19.0
64832,90.0
64896,57.0
64944,92.0
64976,189.0
65152,11.0
65152,63.0
65184,57.0
65200,52.0
65360,66.0
65408,51.0
65456,101.0
65504,76.0
65552,45.0
65584,65.0
65600,77.0
65632,30.0
65696,60.0
65808,104.0
65920,78.0
65968,51.0
66016,41.0
66192,49.0
66240,43.0
66240,84.0
66304,53.0
66304,69.0
66480,55.0
66560,101.0
66656,22.0
66816,36.0
66848,52.0
66864,56.0
66976,112.0
67152,95.0
67200,106.0
67216,102.0
67232,62.0
67264,60.0
67424,101.0
67456,37.0
67504,82.0
67520,42.0
67552,62.0
67584,69.0
67712,56.0
67728,113.0
67744,30.0
67760,35.0
67776,14.0
67776,50.0
67824,133.0
67920,79.0
67984,33.0
68192,60.0
68240,68.0
68256,52.0
68320,35.0
68384,41.0
68400,74.0
68448,58.0
68608,69.0
68672,58.0
68704,49.0
68832,40.0
68976,75.0
68992,63.0
69120,50.0
69152,47.0
69168,49.0
69248,92.0
69424,73.0
69424,28.0
69440,48.0
69472,64.0
69472,54.0
69504,42.0
69568,116.0
69616,112.0
69696,34.0
69776,67.0
69840,141.0
70000,55.0
70016,34.0
70208,76.0
70272,127.0
70320,67.0
70432,63.0
70544,65.0
70576,50.0
70752,66.0
70752,99.0
70768,81.0
70832,62.0
70912,37.0
70912,81.0
70928,85.0
70992,45.0
71184,109.0
71280,53.0
71312,69.0
71328,49.0
71328,83.0
71328,82.0
71472,34.0
71840,41.0
71888,66.0
71904,62.0
71904,155.0
71984,77.0
72000,68.0
72080,94.0
72160,52.0
72208,91.0
72272,60.0
72352,99.0
72704,34.0
72704,50.0
72720,46.0
72752,92.0
72800,37.0
72848,86.0
72960,102.0
72960,66.0
72992,104.0
73040,75.0
73056,49.0
73152,72.0
73152,135.0
73216,71.0
73376,21.0
73392,94.0
73408,43.0
73456,44.0
73504,72.0
73504,32.0
73568,54.0
73648,53.0
73712,35.0
73856,40.0
73904,66.0
74112,72.0
74144,40.0
74384,61.0
74432,54.0
74688,102.0
74720,84.0
74768,113.0
74848,71.0
74960,82.0
75024,145.0
75024,117.0
75040,74.0
75056,39.0
75072,101.0
75120,108.0
75184,105.0
75200,66.0
75280,86.0
75344,60.0
75376,38.0
75392,80.0
75824,30.0
75888,51.0
75904,33.0
75936,78.0
76016,56.0
76064,76.0
76128,68.0
76128,58.0
76304,70.0
76320,79.0
76464,90.0
76528,113.0
76544,95.0
76624,45.0
76656,22.0
76688,35.0
76704,109.0
76768,86.0
76832,48.0
76960,40.0
77120,62.0
77280,79.0
77296,126.0
77328,94.0
77376,57.0
77408,49.0
77696,72.0
77696,65.0
77792,64.0
77808,53.0
77872,73.0
78080,97.0
78112,89.0
78272,146.0
78384,68.0
78512,77.0
78512,105.0
78576,91.0
78640,172.0
78656,49.0
78656,60.0
78720,82.0
78816,90.0
78848,21.0
79008,58.0
79008,82.0
79120,83.0
79136,113.0
79136,83.0
79136,35.0
79264,38.0
79552,80.0
79600,37.0
79760,57.0
79824,107.0
79872,76.0
80096,86.0
80160,103.0
80176,57.0
80368,51.0
80416,81.0
80464,103.0
80512,117.0
80544,135.0
80544,49.0
80576,90.0
80720,107.0
80928,83.0
81248,68.0
81280,74.0
81296,49.0
81312,136.0
81328,137.0
81344,92.0
81360,40.0
81456,102.0
81520,84.0
81680,79.0
81808,79.0
81856,34.0
82032,98.0
82112,98.0
82272,58.0
82288,65.0
82304,59.0
82432,116.0
82432,71.0
82496,133.0
82528,78.0
82576,78.0
82784,69.0
82864,84.0
82960,72.0
82992,129.0
82992,45.0
82992,29.0
83024,73.0
83024,62.0
83488,66.0
83584,68.0
83648,49.0
83840,97.0
83920,56.0
83936,94.0
83984,62.0
84000,106.0
84256,92.0
84256,81.0
84320,83.0
84368,141.0
84656,104.0
84688,104.0
84800,139.0
84848,85.0
84864,55.0
84912,67.0
85024,90.0
85120,70.0
85264,238.0
85280,85.0
85344,14.0
85616,48.0
85632,79.0
85696,128.0
86048,71.0
86064,88.0
86096,88.0
86096,135.0
86144,55.0
86256,121.0
86608,147.0
86656,150.0
86656,82.0
87040,140.0
87072,128.0
87120,54.0
87120,61.0
87488,138.0
87504,165.0
87744,133.0
88272,101.0
88272,161.0
88320,141.0
88368,142.0
88416,174.0
88496,115.0
88560,122.0
88624,161.0
88736,104.0
88944,91.0
89072,98.0
89248,61.0
89248,138.0
89360,101.0
89376,47.0
89488,34.0
89520,150.0
89632,82.0
89664,58.0
89728,77.0
89760,165.0
89792,86.0
89840,234.0
90112,54.0
90128,29.0
90304,49.0
90640,57.0
90656,131.0
90912,115.0
91008,103.0
91232,109.0
91344,123.0
91504,202.0
91600,110.0
91680,152.0
91760,125.0
91920,133.0
92128,126.0
92592,154.0
92720,151.0
92832,200.0
92896,140.0
92896,97.0
93040,96.0
93120,90.0
93184,122.0
93296,149.0
93376,111.0
93376,49.0
93872,179.0
93936,113.0
94112,76.0
94128,68.0
94176,141.0
94240,367.0
94288,73.0
94448,238.0
94512,71.0
94544,114.0
94656,114.0
94672,182.0
94816,120.0
94912,61.0
95008,102.0
95264,71.0
95296,89.0
95504,62.0
95824,165.0
95856,160.0
96032,64.0
96080,112.0
96224,105.0
96496,128.0
96576,119.0
96960,128.0
97040,179.0
97392,197.0
97408,132.0
97456,175.0
97472,103.0
97488,211.0
97600,86.0
97728,154.0
98000,199.0
98224,134.0
98224,170.0
98336,110.0
98704,61.0
98832,90.0
98864,188.0
98912,151.0
99632,225.0
99696,92.0
99792,144.0
99968,188.0
100016,160.0
100064,166.0
100064,154.0
100096,74.0
100272,175.0
100352,93.0
100448,101.0
100464,133.0
100560,220.0
100704,40.0
100768,159.0
100816,74.0
100848,66.0
100960,32.0
101056,62.0
101280,161.0
101520,114.0
101856,110.0
101856,36.0
101904,53.0
102032,76.0
102176,138.0
102224,264.0
102400,97.0
102448,17.0
102528,157.0
102624,48.0
102624,116.0
102720,148.0
103040,71.0
103632,111.0
103776,176.0
103808,143.0
103856,197.0
103920,75.0
103984,99.0
104208,99.0
104240,75.0
104384,147.0
104416,259.0
104656,256.0
104912,154.0
105056,152.0
105296,173.0
105424,90.0
105616,113.0
105696,82.0
105808,334.0
105872,140.0
105904,128.0
106000,236.0
106144,121.0
106208,123.0
106432,95.0
106592,167.0
106736,185.0
106912,81.0
107056,102.0
107088,152.0
107088,87.0
107296,68.0
107648,147.0
107728,207.0
107952,130.0
108064,120.0
108480,167.0
108512,163.0
108720,124.0
108864,122.0
108928,146.0
109056,88.0
109136,115.0
109552,222.0
109824,171.0
109968,180.0
110144,104.0
110608,159.0
110848,276.0
110960,140.0
111344,212.0
111520,188.0
111520,149.0
111568,407.0
111888,302.0
112128,200.0
112384,140.0
112480,95.0
112912,324.0
112960,187.0
113136,224.0
113232,107.0
113520,122.0
113728,195.0
113872,189.0
113888,94.0
114352,283.0
114352,188.0
114432,348.0
114512,149.0
114784,103.0
114864,102.0
114912,152.0
115008,218.0
115248,387.0
115248,86.0
115920,98.0
116640,230.0
116784,242.0
116928,200.0
116992,109.0
117136,164.0
117440,347.0
117536,167.0
117568,196.0
117648,150.0
117664,42.0
117760,213.0
117904,124.0
117952,254.0
118448,229.0
118480,310.0
118496,53.0
119056,120.0
119344,169.0
119536,131.0
119952,92.0
120368,215.0
120800,109.0
120896,153.0
120992,214.0
121216,170.0
121232,205.0
121264,225.0
121472,410.0
122016,167.0
122208,339.0
122352,71.0
122400,281.0
122960,162.0
123008,500.0
123072,195.0
123232,110.0
123296,360.0
123312,151.0
123472,140.0
123664,369.0
123664,103.0
123680,259.0
124144,209.0
124560,135.0
124608,59.0
124832,240.0
125040,123.0
125264,70.0
125648,123.0
125744,171.0
125824,162.0
126688,201.0
126864,222.0
127600,328.0
127696,193.0
128048,365.0
128176,196.0
128288,165.0
128320,314.0
128576,177.0
128768,184.0
128784,220.0
128848,135.0
129168,271.0
129264,500.0
130000,440.0
130032,342.0
130128,404.0
130352,172.0
130432,149.0
130592,126.0
130672,149.0
130688,239.0
130784,125.0
130848,130.0
130848,99.0
130992,62.0
131008,177.0
131392,85.0
131680,56.0
131776,216.0
132224,131.0
132848,151.0
133072,150.0
133296,101.0
134112,309.0
135136,258.0
135584,262.0
135696,500.0
135728,247.0
135968,320.0
136848,500.0
137808,231.0
137984,437.0
138000,361.0
138080,462.0
138080,184.0
138144,456.0
138224,141.0
138320,498.0
138592,500.0
138944,381.0
139520,167.0
139536,91.0
139616,243.0
140272,293.0
140352,142.0
140768,174.0
141024,180.0
141072,500.0
141296,500.0
141440,156.0
141632,371.0
141648,132.0
142208,226.0
142544,69.0
143776,172.0
143984,168.0
144096,208.0
144576,127.0
144624,313.0
144800,198.0
144896,443.0
145136,254.0
145760,485.0
145984,74.0
146224,500.0
146320,500.0
146352,375.0
146800,36.0
147088,305.0
147520,500.0
147904,258.0
147968,103.0
148064,401.0
148272,500.0
148432,221.0
148576,93.0
149024,243.0
149168,287.0
149232,217.0
149408,214.0
150256,124.0
150528,261.0
150544,123.0
151616,138.0
151664,225.0
151728,239.0
151856,452.0
151872,244.0
151984,500.0
152048,112.0
152096,500.0
153312,79.0
153376,366.0
153408,413.0
153728,199.0
154096,139.0
154160,136.0
154464,163.0
154528,331.0
154608,157.0
155264,381.0
155360,227.0
155920,159.0
156432,500.0
157024,500.0
157104,188.0
157216,218.0
157296,168.0
158528,500.0
159584,339.0
159616,500.0
159664,500.0
159984,254.0
160032,94.0
160160,191.0
161312,500.0
161408,500.0
161888,414.0
162336,436.0
162464,500.0
162464,323.0
162528,500.0
164432,500.0
165024,500.0
165216,500.0
165520,227.0
165696,202.0
166016,402.0
166384,397.0
166704,440.0
167328,102.0
167616,500.0
167760,331.0
167840,491.0
168160,500.0
169248,202.0
169312,500.0
169408,500.0
169504,109.0
169776,135.0
170336,500.0
170416,325.0
170528,500.0
171008,411.0
171344,127.0
171696,417.0
171920,94.0
172592,388.0
172816,92.0
173520,500.0
174608,302.0
174704,500.0
175328,500.0
175648,488.0
176160,500.0
177120,339.0
177248,500.0
177408,500.0
177504,500.0
178336,500.0
178528,500.0
179008,500.0
179920,500.0
180592,500.0
180816,500.0
181312,413.0
181520,500.0
181968,415.0
182608,500.0
183296,478.0
183824,479.0
184336,176.0
184704,88.0
184800,462.0
185072,489.0
185120,500.0
185504,500.0
186032,83.0
186240,353.0
186256,152.0
186336,500.0
186496,468.0
186528,500.0
186640,333.0
186672,254.0
186848,157.0
186880,379.0
186960,135.0
187920,500.0
187968,181.0
188064,76.0
188464,121.0
188928,54.0
189088,178.0
189184,139.0
189968,500.0
190016,209.0
190528,90.0
191072,194.0
192528,254.0
193120,500.0
193152,164.0
193504,500.0
194032,500.0
194256,500.0
194336,500.0
194496,500.0
194640,500.0
194880,500.0
195008,42.0
195248,133.0
195920,500.0
196928,500.0
197184,500.0
197968,500.0
198016,500.0
199072,500.0
199808,115.0
200528,500.0
201152,500.0
201504,500.0
201616,421.0
201696,282.0
202032,500.0
202256,500.0
202496,500.0
202640,500.0
203008,500.0
203248,500.0
203504,277.0
203680,103.0
203920,500.0
204928,500.0
204928,320.0
206016,500.0
208528,500.0
209152,500.0
209504,500.0
209616,500.0
209696,500.0
210256,500.0
210496,500.0
210640,500.0
211008,500.0
211248,500.0
211504,500.0
211680,500.0
211920,500.0
212928,500.0
212928,500.0
213968,497.0
213984,186.0
214272,236.0
214368,304.0
214384,258.0
214400,92.0
214464,303.0
214480,299.0
214528,163.0
214832,224.0
214928,203.0
215408,58.0
215440,61.0
215504,161.0
215584,441.0
215872,327.0
215904,95.0
215968,279.0
215968,71.0
215984,427.0
216032,129.0
216032,33.0
216784,75.0
216832,119.0
217072,159.0
217104,71.0
217152,78.0
217600,137.0
217680,140.0
218064,231.0
218064,60.0
218512,105.0
218848,286.0
218944,310.0
218960,85.0
219008,116.0
219056,124.0
219072,194.0
219792,132.0
219984,120.0
220048,261.0
220544,384.0
220624,105.0
221136,72.0
221216,148.0
221328,142.0
221424,337.0
221936,183.0
222192,258.0
222368,65.0
222592,128.0
222672,180.0
222672,96.0
222864,103.0
222960,182.0
223296,44.0
223488,70.0
223504,470.0
223680,288.0
223744,28.0
223856,104.0
223968,496.0
224048,454.0
224128,137.0
224176,326.0
224320,363.0
224384,44.0
224560,106.0
224736,78.0
225072,76.0
225216,237.0
225360,296.0
225552,99.0
225760,86.0
225952,12.0
225984,207.0
226256,138.0
227088,209.0
227136,188.0
227216,181.0
227520,96.0
227520,303.0
228080,286.0
228384,239.0
228496,85.0
228896,230.0
228896,113.0
229136,120.0
229152,48.0
229152,102.0
229328,211.0
229360,400.0
229456,256.0
229536,91.0
229872,46.0
229904,47.0
230016,309.0
230064,46.0
230224,108.0
230320,384.0
230400,259.0
230560,88.0
230640,109.0
230880,41.0
230928,127.0
231072,42.0
231264,119.0
231584,133.0
231712,115.0
231728,104.0
231744,89.0
231856,76.0
232320,29.0
232352,92.0
232736,500.0
232816,97.0
232848,31.0
232864,144.0
232928,189.0
233008,187.0
233056,83.0
233248,358.0
233296,30.0
233376,40.0
233472,110.0
233488,496.0
233504,120.0
233984,31.0
234384,129.0
234576,315.0
234768,95.0
234768,231.0
234992,95.0
235008,94.0
235200,51.0
235328,47.0
235728,152.0
235872,118.0
235920,187.0
236192,176.0
236256,66.0
236272,214.0
236336,29.0
236336,217.0
236368,86.0
236528,12.0
236720,107.0
236752,124.0
237152,27.0
237456,79.0
237488,110.0
237536,49.0
238192,214.0
238192,179.0
238256,120.0
238256,124.0
238384,116.0
238576,345.0
238928,500.0
239216,105.0
239296,65.0
239712,237.0
239744,500.0
239872,59.0
240112,444.0
240128,52.0
240160,59.0
240320,177.0
241696,333.0
241936,355.0
242800,191.0
242960,177.0
242976,299.0
243888,223.0
244160,369.0
244320,84.0
245008,402.0
245152,500.0
245232,84.0
245456,500.0
246192,500.0
246240,398.0
246352,291.0
246384,500.0
246864,159.0
246976,429.0
247712,500.0
248160,500.0
248176,124.0
248384,197.0
248496,356.0
248496,132.0
249056,35.0
249200,93.0
249440,80.0
249488,203.0
249936,500.0
250032,442.0
251984,320.0
252016,176.0
252160,500.0
253008,500.0
253152,500.0
253456,500.0
253744,238.0
254256,298.0
254352,500.0
254976,500.0
254992,78.0
256016,241.0
256176,500.0
256384,500.0
256496,500.0
256576,214.0
256624,103.0
256784,459.0
257056,500.0
258032,500.0
258864,168.0
259664,388.0
259984,500.0
260016,500.0
260288,371.0
261008,500.0
261520,96.0
262256,342.0
262256,500.0
262272,356.0
262272,79.0
262992,500.0
263168,103.0
264016,500.0
264384,500.0
264496,500.0
264624,500.0
265056,500.0
265824,346.0
266032,500.0
266864,500.0
267632,196.0
267664,500.0
268016,500.0
269136,429.0
270256,500.0
270256,500.0
270272,500.0
270992,500.0
271168,500.0
272016,500.0
272384,500.0
272624,500.0
273056,500.0
273824,500.0
274032,500.0
274864,500.0
275632,500.0
275664,500.0
276016,500.0
276064,215.0
277136,500.0
277648,405.0
278256,500.0
278256,500.0
278272,500.0
278992,500.0
279392,233.0
280016,500.0
280384,500.0
280848,299.0
280880,376.0
281056,500.0
281072,43.0
281824,500.0
282032,500.0
282928,330.0
283248,202.0
283264,453.0
283568,261.0
283632,500.0
284784,246.0
285136,500.0
286256,500.0
286256,500.0
286272,500.0
286992,500.0
287232,385.0
288448,229.0
288880,500.0
289056,500.0
289824,500.0
290032,500.0
290928,500.0
291168,143.0
291248,500.0
291264,500.0
291568,500.0
291632,500.0
292464,152.0
292816,187.0
292864,121.0
293136,500.0
294256,500.0
294256,500.0
294272,500.0
294992,500.0
295232,500.0
296144,306.0
296432,300.0
296448,500.0
297056,500.0
299168,500.0
299264,500.0
299568,500.0
300464,500.0
300816,500.0
300864,500.0
301136,500.0
301552,26.0
301808,472.0
302256,500.0
302272,500.0
302992,500.0
303232,500.0
304144,500.0
304432,500.0
304448,500.0
305056,500.0
305168,182.0
305408,60.0
305744,82.0
305824,310.0
306112,180.0
307168,500.0
307264,500.0
307568,500.0
308064,166.0
308464,500.0
308816,500.0
309552,500.0
309808,500.0
309824,63.0
310272,500.0
310992,500.0
312144,500.0
312704,412.0
313056,500.0
313168,500.0
313280,376.0
313744,500.0
313824,500.0
313840,223.0
314000,81.0
314256,278.0
315168,500.0
315200,263.0
315408,133.0
315568,500.0
315840,393.0
316064,500.0
316464,500.0
317088,204.0
317392,83.0
317488,145.0
317824,500.0
317968,232.0
318000,266.0
318464,331.0
319312,244.0
320144,500.0
320160,385.0
321056,500.0
321840,500.0
322800,311.0
323200,500.0
323568,500.0
323840,500.0
323872,338.0
324160,194.0
324464,500.0
324544,169.0
324720,285.0
325088,500.0
325392,500.0
325488,500.0
325968,500.0
326000,500.0
326976,196.0
327312,500.0
328144,500.0
330800,500.0
331200,500.0
331568,500.0
331872,500.0
332160,500.0
332464,500.0
332544,500.0
332720,500.0
333088,500.0
333392,500.0
333488,500.0
333968,500.0
334000,500.0
334976,500.0
335312,500.0
336144,500.0
337760,387.0
338800,500.0
339200,500.0
339376,374.0
339872,500.0
340160,500.0
340464,500.0
340544,500.0
340720,500.0
341088,500.0
341488,500.0
341728,183.0
341968,500.0
342000,500.0
342976,500.0
343312,500.0
343392,178.0
343488,150.0
343792,144.0
344144,500.0
344464,419.0
344576,100.0
347200,500.0
347376,500.0
347872,500.0
348160,500.0
348464,500.0
348720,500.0
349728,500.0
349968,500.0
350000,500.0
351312,500.0
351392,500.0
351488,500.0
351792,500.0
352144,500.0
352464,500.0
352576,500.0
355200,500.0
355376,500.0
355872,500.0
356160,500.0
356464,500.0
356720,500.0
357728,500.0
357968,500.0
358000,500.0
359312,500.0
359392,500.0
359488,500.0
359792,500.0
